chapter,paragraph_num,text
1,1,*** START OF THE PROJECT GUTENBERG EBOOK THE ART OF WAR ***
1,2,THE OLDEST MILITARY TREATISE IN THE WORLD Translated from the Chinese with Introduction and Critical Notes
1,3,Assistant in the Department of Oriental Printed Books and MSS.
1,4,may yet contain lessons worth consideration
1,5,"When Lionel Giles began his translation of Sun Tzŭ’s _Art of War_, the work was virtually unknown in Europe. Its introduction to Europe began in 1782 when a French Jesuit Father living in China, Joseph Amiot, acquired a copy of it, and translated it into French. It was not a good translation because, according to Dr. Giles, ""[I]t contains a great deal that Sun Tzŭ did not write, and very little indeed of what he"
1,6,"The first translation into English was published in 1905 in Tokyo by Capt. E. F. Calthrop, R.F.A. However, this translation is, in the words of Dr. Giles, ""excessively bad."" He goes further in this criticism: ""It is not merely a question of downright blunders, from which none can hope to be wholly exempt. Omissions were frequent; hard passages were willfully distorted or slurred over. Such offenses are less pardonable. They would not be tolerated in any edition of a Latin or Greek classic, and a"
1,7,"The seventh volume of _Mémoires concernant l’histoire, les sciences, les arts, les mœurs, les usages, &c., des Chinois_ is devoted to the Art of War, and contains, amongst other treatises, “Les Treize Articles de Sun-tse,” translated from the Chinese by a Jesuit Father, Joseph Amiot. Père Amiot appears to have enjoyed no small reputation as a sinologue in his day, and the field of his labours was certainly extensive. But his so-called translation of the Sun Tzŭ, if placed side by side with the o"
1,8,"_De l’habileté dans le gouvernement des Troupes._ Sun-tse dit : Ayez les noms de tous les Officiers tant généraux que subalternes; inscrivez-les dans un catalogue à part, avec la note des talents & de la capacité de chacun d’eux, afin de pouvoir les employer avec avantage lorsque l’occasion en sera venue. Faites en sorte que tous ceux que vous devez commander soient persuadés que votre principale attention est de les préserver de tout dommage. Les troupes que vous ferez avancer contre l’ennemi d"
1,9,"Throughout the nineteenth century, which saw a wonderful development in the study of Chinese literature, no translator ventured to tackle Sun Tzŭ, although his work was known to be highly valued in China as by far the oldest and best compendium of military science. It was not until the year 1905 that the first English translation, by Capt. E.F. Calthrop. R.F.A., appeared at Tokyo under the title “Sonshi”(the Japanese form of Sun Tzŭ). Unfortunately, it was evident that the translator’s knowledge"
1,10,"From blemishes of this nature, at least, I believe that the present translation is free. It was not undertaken out of any inflated estimate of my own powers; but I could not help feeling that Sun Tzŭ deserved a better fate than had befallen him, and I knew that, at any rate, I could hardly fail to improve on the work of my predecessors. Towards the end of 1908, a new and revised edition of Capt. Calthrop’s translation was published in London, this time, however, without any allusion to his Japan"
2,11,"Ssu-ma Ch’ien gives the following biography of Sun Tzŭ: [1] Sun Tzŭ Wu was a native of the Ch’i State. His _Art of War_ brought him to the notice of Ho Lu, [2] King of Wu. Ho Lu said to him: ""I have carefully perused your 13 chapters. May I submit your theory of"
2,12,"Ho Lu asked: ""May the test be applied to women?"" The answer was again in the affirmative, so arrangements were made to bring 180 ladies out of the Palace. Sun Tzŭ divided them into two companies, and placed one of the King’s favourite concubines at the head of each. He then bade them all take spears in their hands, and addressed them thus: ""I presume you know the difference between front"
2,13,"Sun Tzŭ went on: ""When I say ""Eyes front,"" you must look straight ahead. When I say ""Left turn,"" you must face towards your left hand. When I say ""Right turn,"" you must face towards your right hand. When I say ""About turn,"" you must face right round towards your back."" Again the girls assented. The words of command having been thus explained, he set up the halberds and battle-axes in order to begin the drill. Then, to the sound of drums, he gave the order ""Right turn."" But the girls only burst o"
2,14,"So he started drilling them again, and this time gave the order ""Left turn,"" whereupon the girls once more burst into fits of laughter. Sun Tzŭ: ""If words of command are not clear and distinct, if orders are not thoroughly understood, the general is to blame. But if his orders _are_ clear, and the soldiers nevertheless disobey, then it is the fault of"
2,15,"So saying, he ordered the leaders of the two companies to be beheaded. Now the king of Wu was watching the scene from the top of a raised pavilion; and when he saw that his favourite concubines were about to be executed, he was greatly alarmed and hurriedly sent down the following message: ""We are now quite satisfied as to our general’s ability to handle troops. If we are bereft of these two concubines, our meat and drink will lose their savor. It is our wish that they shall not be"
2,16,"Sun Tzŭ replied: ""Having once received His Majesty’s commission to be the general of his forces, there are certain commands of His Majesty which, acting in that capacity, I am unable to accept."" Accordingly, he had the two leaders beheaded, and straightway installed the pair next in order as leaders in their place. When this had been done, the drum was sounded for the drill once more; and the girls went through all the evolutions, turning to the right or to the left, marching ahead or wheeling b"
2,17,"After that, Ho Lu saw that Sun Tzŭ was one who knew how to handle an army, and finally appointed him general. In the west, he defeated the Ch’u State and forced his way into Ying, the capital; to the north he put fear into the States of Ch’i and Chin, and spread his fame abroad amongst the feudal princes. And Sun Tzŭ shared in the might of the"
2,18,"About Sun Tzŭ himself this is all that Ssu-ma Ch’ien has to tell us in this chapter. But he proceeds to give a biography of his descendant, Sun Pin, born about a hundred years after his famous ancestor’s death, and also the outstanding military genius of his time. The historian speaks of him too as Sun Tzŭ, and in his preface we read: ""Sun Tzŭ had his feet cut off and yet continued to discuss the art of war."" [3] It seems likely, then, that ""Pin"" was a nickname bestowed on him after his mutilati"
2,19,To return to the elder Sun Tzŭ. He is mentioned in two other passages
2,20,"In the third year of his reign [512 B.C.] Ho Lu, king of Wu, took the field with Tzŭ-hsu [i.e. Wu Yuan] and Po P’ei, and attacked Ch’u. He captured the town of Shu and slew the two prince’s sons who had formerly been generals of Wu. He was then meditating a descent on Ying [the capital]; but the general Sun Wu said: ""The army is exhausted. It is not yet possible. We must wait""…. [After further successful fighting,] ""in the ninth year [506 B.C.], King Ho Lu addressed Wu Tzŭ-hsu and Sun Wu, saying"
3,21,"Teng Ming-shih informs us that the surname ""Sun"" was bestowed on Sun Wu’s grandfather by Duke Ching of Ch’i [547-490 B.C.]. Sun Wu’s father Sun P’ing, rose to be a Minister of State in Ch’i, and Sun Wu himself, whose style was Ch’ang-ch’ing, fled to Wu on account of the rebellion which was being fomented by the kindred of T’ien Pao. He had three sons, of whom the second, named Ming, was the father of Sun Pin. According to this account then, Pin was the grandson of Wu, which, considering that Sun"
3,22,"An interesting document which has survived from the close of the Han period is the short preface written by the Great Ts’ao Ts’ao, or Wei Wu Ti, for his edition of Sun Tzŭ. I shall give it in full:— I have heard that the ancients used bows and arrows to their advantage. [10] The _Lun Yu_ says: “There must be a sufficiency of military strength.” The _Shu Ching_ mentions ""the army"" among the ""eight objects of government."" The _I Ching_ says: ""‘army’ indicates firmness and justice; the experienced "
3,23,"In the bibliographic section of the _Han Shu_, there is an entry which has given rise to much discussion: ""The works of Sun Tzŭ of Wu in 82 _p’ien_ (or chapters), with diagrams in 9 _chuan_."" It is evident that this cannot be merely the 13 chapters known to Ssu-ma Ch’ien, or those we possess today. Chang Shou-chieh refers to an edition of Sun Tzŭ’s _Art of War_ of which the ""13 chapters"" formed the first _chuan_, adding that there were two other _chuan_ besides. This has brought forth a theory, "
3,24,"Tu Mu’s conjecture seems to be based on a passage which states: ""Wei Wu Ti strung together Sun Wu’s _Art of War_,"" which in turn may have resulted from a misunderstanding of the final words of Ts’ao King’s preface. This, as Sun Hsing-yen points out, is only a modest way of saying that he made an explanatory paraphrase, or in other words, wrote a commentary on it. On the whole, this theory has met with very little acceptance. Thus, the _Ssu K’u Ch’uan Shu_ says: ""The mention of the 13 chapters in"
3,25,"There is every reason to suppose, then, that the 13 chapters existed in the time of Ssu-ma Ch’ien practically as we have them now. That the work was then well known he tells us in so many words. ""Sun Tzŭ’s _13 Chapters_ and Wu Ch’i’s _Art of War_ are the two books that people commonly refer to on the subject of military matters. Both of them are widely distributed, so I will not discuss them here."" But as we go further back, serious difficulties begin to arise. The salient fact which has to be f"
3,26,"In point of literary style, Sun Tzŭ’s work belongs to the same school as _Kuan Tzŭ_, [22] _Liu T’ao_, [23] and the _Yüeh Yu_ [24] and may have been the production of some private scholar living towards the end of the ""Spring and Autumn"" or the beginning of the ""Warring States"" period. [25] The story that his precepts were actually applied by the Wu State, is merely the outcome of big talk on the part of his"
3,27,"From the flourishing period of the Chou dynasty [26] down to the time of the ""Spring and Autumn,"" all military commanders were statesmen as well, and the class of professional generals, for conducting external campaigns, did not then exist. It was not until the period of the ""Six States"" [27] that this custom changed. Now although Wu was an uncivilized State, it is conceivable that Tso should have left unrecorded the fact that Sun Wu was a great general and yet held no civil office? What we are "
3,28,"Yeh Shui-hsin represents Ssu-ma Ch’ien as having said that Sun Wu crushed Ch’u and entered Ying. This is not quite correct. No doubt the impression left on the reader’s mind is that he at least shared in these exploits. The fact may or may not be significant; but it is nowhere explicitly stated in the _Shih Chi_ either that Sun Tzŭ was general on the occasion of the taking of Ying, or that he even went there at all. Moreover, as we know that Wu Yuan and Po P’ei both took part in the expedition, "
3,29,"Ch’en Chen-sun of the Sung dynasty has the note:— Military writers look upon Sun Wu as the father of their art. But the fact that he does not appear in the _Tso Chuan_, although he is said to have served under Ho Lu King of Wu, makes it uncertain what period he"
3,30,"The works of Sun Wu and Wu Ch’i may be of genuine antiquity. It is noticeable that both Yeh Shui-hsin and Ch’en Chen-sun, while rejecting the personality of Sun Wu as he figures in Ssu-ma Ch’ien’s history, are inclined to accept the date traditionally assigned to the work which passes under his name. The author of the _Hsu Lu_ fails to appreciate this distinction, and consequently his bitter attack on Ch’en Chen-sun really misses its mark. He makes one of two points, however, which certainly tel"
4,31,"Though according to my estimate the soldiers of Yüeh exceed our own in number, that shall advantage them nothing in the matter of victory. I"
4,32,"Asked if an army can be made to imitate the _shuai-jan_, I should answer, Yes. For the men of Wu and the men of Yüeh are enemies; yet if they are crossing a river in the same boat and are caught by a storm, they will come to each other’s assistance just as the left hand helps"
4,33,"These two paragraphs are extremely valuable as evidence of the date of composition. They assign the work to the period of the struggle between Wu and Yüeh. So much has been observed by Pi I-hsun. But what has hitherto escaped notice is that they also seriously impair the credibility of Ssu-ma Ch’ien’s narrative. As we have seen above, the first positive date given in connection with Sun Wu is 512 B.C. He is then spoken of as a general, acting as confidential adviser to Ho Lu, so that his alleged"
4,34,"512	Ho Lu attacks Ch’u, but is dissuaded from entering Ying, the capital. Shih Chi mentions Sun Wu as general."
4,35,510	Wu makes a successful attack on Yüeh. This is the first
4,36,"509 or 508	Ch’u invades Wu, but is signally defeated at Yu-chang. 506	Ho Lu attacks Ch’u with the aid of T’ang and Ts’ai. Decisive battle of Po-chu, and capture of Ying. Last"
4,37,505	Yüeh makes a raid on Wu in the absence of its army. Wu
4,38,"496	Wu attacks Yüeh, but is defeated by Kou Chien at Tsui-li."
4,39,494	Fu Ch’ai defeats Kou Chien in the great battle of Fu-
4,40,485 or 484	Kou Chien renders homage to Wu. Death of Wu Tzŭ-hsu. 482	Kou Chien invades Wu in the absence of Fu Ch’ai. 478 to 476	Further attacks by Yüeh on Wu. 475	Kou Chien lays siege to the capital of Wu.
5,41,"The sentence quoted above from VI. § 21 hardly strikes me as one that could have been written in the full flush of victory. It seems rather to imply that, for the moment at least, the tide had turned against Wu, and that she was getting the worst of the struggle. Hence we may conclude that our treatise was not in existence in 505, before which date Yüeh does not appear to have scored any notable success against Wu. Ho Lu died in 496, so that if the book was written for him, it must have been dur"
5,42,"How then did the Sun Tzŭ legend originate? It may be that the growing celebrity of the book imparted by degrees a kind of factitious renown to its author. It was felt to be only right and proper that one so well versed in the science of war should have solid achievements to his credit as well. Now the capture of Ying was undoubtedly the greatest feat of arms in Ho Lu’s reign; it made a deep and lasting impression on all the surrounding states, and raised Wu to the short-lived zenith of her power"
5,43,"I have found it difficult to glean much about the history of Sun Tzŭ’s text. The quotations that occur in early authors go to show that the ""13 chapters"" of which Ssu-ma Ch’ien speaks were essentially the same as those now extant. We have his word for it that they were widely circulated in his day, and can only regret that he refrained from discussing them on that account. Sun Hsing-yen says in his preface:— During the Ch’in and Han dynasties Sun Tzŭ’s _Art of War_ was in general use amongst mil"
5,44,"As we have already seen, there is no reasonable ground to suppose that Ts’ao Kung tampered with the text. But the text itself is often so obscure, and the number of editions which appeared from that time onward so great, especially during the T’ang and Sung dynasties, that it would be surprising if numerous corruptions had not managed to creep in. Towards the middle of the Sung period, by which time all the chief commentaries on Sun Tzŭ were in existence, a certain Chi T’ien-pao published a work"
5,45,"The three individuals here referred to had evidently been occupied on the text of Sun Tzŭ prior to Sun Hsing-yen’s commission, but we are left in doubt as to the work they really accomplished. At any rate, the new edition, when ultimately produced, appeared in the names of Sun Hsing-yen and only one co-editor Wu Jen-shi. They took the ""original edition"" as their basis, and by careful comparison with older versions, as well as the extant commentaries and other sources of information such as the _"
5,46,"The copy which I have used belongs to a reissue dated 1877. It is in 6 _pen_, forming part of a well-printed set of 23 early philosophical works in 83 _pen_. [38] It opens with a preface by Sun Hsing-yen (largely quoted in this introduction), vindicating the traditional view of Sun Tzŭ’s life and performances, and summing up in remarkably concise fashion the evidence in its favour. This is followed by Ts’ao Kung’s preface to his edition, and the biography of Sun Tzŭ from the _Shih Chi_, both tra"
5,47,"Sun Tzŭ can boast an exceptionally long distinguished roll of commentators, which would do honour to any classic. Ou-yang Hsiu remarks on this fact, though he wrote before the tale was complete, and rather ingeniously explains it by saying that the artifices of war, being inexhaustible, must therefore be susceptible of treatment in a great"
5,48,"1. TS’AO TS’AO or Ts’ao Kung, afterwards known as Wei Wu Ti [A.D. 155-220]. There is hardly any room for doubt that the earliest commentary on Sun Tzŭ actually came from the pen of this extraordinary man, whose biography in the _San Kuo Chih_ reads like a romance. One of the greatest military geniuses that the world has seen, and Napoleonic in the scale of his operations, he was especially famed for the marvelous rapidity of his marches, which has found expression in the line ""Talk of Ts’ao Ts’a"
5,49,"2. MENG SHIH. The commentary which has come down to us under this name is comparatively meager, and nothing about the author is known. Even his personal name has not been recorded. Chi T’ien-pao’s edition places him after Chia Lin, and Ch’ao Kung-wu also assigns him to the T’ang dynasty, [41] but this is a mistake. In Sun Hsing-yen’s preface, he appears as Meng Shih of the Liang dynasty [502-557]. Others would identify him with Meng K’ang of the 3rd century. He is named in one work as the last o"
5,50,"3. LI CH’UAN of the 8th century was a well-known writer on military tactics. One of his works has been in constant use down to the present day. The _T’ung Chih_ mentions ""Lives of famous generals from the Chou to the T’ang dynasty"" as written by him. [42] According to Ch’ao Kung-wu and the _T’ien-i-ko_ catalogue, he followed a variant of the text of Sun Tzŭ which differs considerably from those now extant. His notes are mostly short and to the point, and he frequently illustrates his remarks by "
6,51,"5. TU MU (803-852) is perhaps the best known as a poet—a bright star even in the glorious galaxy of the T’ang period. We learn from Ch’ao Kung-wu that although he had no practical experience of war, he was extremely fond of discussing the subject, and was moreover well read in the military history of the _Ch’un Ch’iu_ and _Chan Kuo_ eras. His notes, therefore, are well worth attention. They are very copious, and replete with historical parallels. The gist of Sun Tzŭ’s work is thus summarized by "
6,52,"7. CHIA LIN is known to have lived under the T’ang dynasty, for his commentary on Sun Tzŭ is mentioned in the _T’ang Shu_ and was afterwards republished by Chi Hsieh of the same dynasty together with those of Meng Shih and Tu Yu. It is of somewhat scanty texture, and in point of quality, too, perhaps the least valuable of the eleven. 8. MEI YAO-CH’EN (1002-1060), commonly known by his ""style"" as Mei Sheng-yu, was, like Tu Mu, a poet of distinction. His commentary was published with a laudatory p"
6,53,"Later scholars have misread Sun Tzŭ, distorting his words and trying to make them square with their own one-sided views. Thus, though commentators have not been lacking, only a few have proved equal to the task. My friend Sheng-yu has not fallen into this mistake. In attempting to provide a critical commentary for Sun Tzŭ’s work, he does not lose sight of the fact that these sayings were intended for states engaged in internecine warfare; that the author is not concerned with the military condit"
6,54,"Making some allowance for the exuberance of friendship, I am inclined to endorse this favourable judgment, and would certainly place him above"
6,55,"9. WANG HSI, also of the Sung dynasty, is decidedly original in some of his interpretations, but much less judicious than Mei Yao-ch’en, and on the whole not a very trustworthy guide. He is fond of comparing his own commentary with that of Ts’ao Kung, but the comparison is not often flattering to him. We learn from Ch’ao Kung-wu that Wang Hsi revised the ancient text of Sun Tzŭ, filling up lacunae and correcting"
6,56,"10. HO YEN-HSI of the Sung dynasty. The personal name of this commentator is given as above by Cheng Ch’iao in the _Tung Chih_, written about the middle of the twelfth century, but he appears simply as Ho Shih in the _Yu Hai_, and Ma Tuan-lin quotes Ch’ao Kung-wu as saying that his personal name is unknown. There seems to be no reason to doubt Cheng Ch’iao’s statement, otherwise I should have been inclined to hazard a guess and identify him with one Ho Ch’u-fei, the author of a short treatise on"
6,57,"11. CHANG YU. The list closes with a commentator of no great originality perhaps, but gifted with admirable powers of lucid exposition. His commentator is based on that of Ts’ao Kung, whose terse sentences he contrives to expand and develop in masterly fashion. Without Chang Yu, it is safe to say that much of Ts’ao Kung’s commentary would have remained cloaked in its pristine obscurity and therefore valueless. His work is not mentioned in the Sung history, the _T’ung K’ao_, or the _Yu Hai_, but "
6,58,"It is rather remarkable that the last-named four should all have flourished within so short a space of time. Ch’ao Kung-wu accounts for it by saying: ""During the early years of the Sung dynasty the Empire enjoyed a long spell of peace, and men ceased to practice the art of war. but when [Chao] Yuan-hao’s rebellion came [1038-42] and the frontier generals were defeated time after time, the Court made strenuous inquiry for men skilled in war, and military topics became the vogue amongst all the hi"
6,59,"Besides these eleven commentators, there are several others whose work has not come down to us. The _Sui Shu_ mentions four, namely Wang Ling (often quoted by Tu Yu as Wang Tzŭ); Chang Tzŭ-shang; Chia Hsu of Wei; [48] and Shen Yu of Wu. The _T’ang Shu_ adds Sun Hao, and the _T’ung Chih_ Hsiao Chi, while the _T’u Shu_ mentions a Ming commentator, Huang Jun-yu. It is possible that some of these may have been merely collectors and editors of other commentaries, like Chi T’ien-pao and"
6,60,"Sun Tzŭ has exercised a potent fascination over the minds of some of China’s greatest men. Among the famous generals who are known to have studied his pages with enthusiasm may be mentioned Han Hsin (_d_. 196 B.C.), [49] Feng I (_d_. 34 A.D.), [50] Lu Meng (_d_. 219), [51] and Yo Fei (1103-1141). [52] The opinion of Ts’ao Kung, who disputes with Han Hsin the highest place in Chinese military annals, has already been recorded. [53] Still more remarkable, in one way, is the testimony of purely lit"
7,61,"Sun Wu’s saying, that in war one cannot make certain of conquering, [55] is very different indeed from what other books tell us. [56] Wu Ch’i was a man of the same stamp as Sun Wu: they both wrote books on war, and they are linked together in popular speech as ""Sun and Wu."" But Wu Ch’i’s remarks on war are less weighty, his rules are rougher and more crudely stated, and there is not the same unity of plan as in Sun Tzŭ’s work, where the style is terse, but the meaning fully brought"
7,62,"The following is an extract from the ""Impartial Judgments in the Garden"
7,63,"Sun Tzŭ’s 13 chapters are not only the staple and base of all military men’s training, but also compel the most careful attention of scholars and men of letters. His sayings are terse yet elegant, simple yet profound, perspicuous and eminently practical. Such works as the _Lun Yu_, the _I Ching_ and the great Commentary, [57] as well as the writings of Mencius, Hsun K’uang and Yang Chu, all fall below the level"
7,64,"Chu Hsi, commenting on this, fully admits the first part of the criticism, although he dislikes the audacious comparison with the venerated classical works. Language of this sort, he says, ""encourages a ruler’s bent towards unrelenting warfare and reckless militarism."""
7,65,"Accustomed as we are to think of China as the greatest peace-loving nation on earth, we are in some danger of forgetting that her experience of war in all its phases has also been such as no modern State can parallel. Her long military annals stretch back to a point at which they are lost in the mists of time. She had built the Great Wall and was maintaining a huge standing army along her frontier centuries before the first Roman legionary was seen on the Danube. What with the perpetual collisio"
7,66,"Military weapons are the means used by the Sage to punish violence and cruelty, to give peace to troublous times, to remove difficulties and dangers, and to succour those who are in peril. Every animal with blood in its veins and horns on its head will fight when it is attacked. How much more so will man, who carries in his breast the faculties of love and hatred, joy and anger! When he is pleased, a feeling of affection springs up within him; when angry, his poisoned sting is brought into play."
7,67,The next piece is taken from Tu Mu’s preface to his commentary on Sun
7,68,"War may be defined as punishment, which is one of the functions of government. It was the profession of Chung Yu and Jan Ch’iu, both disciples of Confucius. Nowadays, the holding of trials and hearing of litigation, the imprisonment of offenders and their execution by flogging in the market-place, are all done by officials. But the wielding of huge armies, the throwing down of fortified cities, the hauling of women and children into captivity, and the beheading of traitors—this is also work whic"
7,69,"Chi-sun asked Jan Yu, saying: ""Have you, Sir, acquired your military aptitude by study, or is it innate?"" Jan Yu replied: ""It has been acquired by study."" [59] ""How can that be so,"" said Chi-sun, ""seeing that you are a disciple of Confucius?"" ""It is a fact,"" replied Jan Yu; ""I was taught by Confucius. It is fitting that the great Sage should exercise both civil and military functions, though to be sure my instruction in the art of fighting has not yet gone very far."" Now, who the author was of t"
7,70,"When the Duke of Chou was minister under Ch’eng Wang, he regulated ceremonies and made music, and venerated the arts of scholarship and learning; yet when the barbarians of the River Huai revolted, [60] he sallied forth and chastised them. When Confucius held office under the Duke of Lu, and a meeting was convened at Chia-ku, [61] he said: ""If pacific negotiations are in progress, warlike preparations should have been made beforehand."" He rebuked and shamed the Marquis of Ch’i, who cowered under"
8,71,"Sun Hsing-yen, the editor of Sun Tzŭ, writes in similar strain:— Confucius said: ""I am unversed in military matters."" [65] He also said: ""If I fight, I conquer."" Confucius ordered ceremonies and regulated music. Now war constitutes one of the five classes of State ceremonial, [66] and must not be treated as an independent branch of study. Hence, the words ""I am unversed in"" must be taken to mean that there are things which even an inspired Teacher does not know. Those who have to lead an army an"
8,72,"The following are the oldest Chinese treatises on war, after Sun Tzŭ. The notes on each have been drawn principally from the _Ssu k’u ch’uan shu chien ming mu lu_, ch. 9, fol. 22 sqq. 1. _Wu Tzŭ_, in 1 _chuan_ or 6 chapters. By Wu Ch’i (_d_. 381 B.C.). A"
8,73,"2. _Ssu-ma Fa_, in 1 _chuan_ or 5 chapters. Wrongly attributed to Ssu-ma Jang-chu of the 6th century B.C. Its date, however, must be early, as the customs of the three ancient dynasties are constantly to be met within its pages. See _Shih Chi_, ch. 64. The _Ssu K’u Ch’uan Shu_ (ch. 99, f. 1) remarks that the oldest three treatises on war, _Sun Tzŭ_, _Wu Tzŭ_ and _Ssu-ma Fa_, are, generally speaking, only concerned with things strictly military—the art of producing, collecting, training and drill"
8,74,"3. _Liu T’ao_, in 6 _chuan_, or 60 chapters. Attributed to Lu Wang (or Lu Shang, also known as T’ai Kung) of the 12th century B.C. [74] But its style does not belong to the era of the Three Dynasties. Lu Te-ming (550-625 A.D.) mentions the work, and enumerates the headings of the six sections so that the forgery cannot have been later than Sui"
8,75,"4. _Wei Liao Tzŭ_, in 5 _chuan_. Attributed to Wei Liao (4th cent. B.C.), who studied under the famous Kuei-ku Tzŭ. The work appears to have been originally in 31 chapters, whereas the text we possess contains only 24. Its matter is sound enough in the main, though the strategical devices differ considerably from those of the Warring States period. It is been furnished with a commentary by the well-known"
8,76,"5. _San Lueh_ in 3 _chuan_. Attributed to Huang-shih Kung, a legendary personage who is said to have bestowed it on Chang Liang (_d_. 187 B.C.) in an interview on a bridge. But here again, the style is not that of works dating from the Ch’in or Han period. The Han Emperor Kuang Wu [25-57 A.D.] apparently quotes from it in one of his proclamations; but the passage in question may have been inserted later on, in order to prove the genuineness of the work. We shall not be far out if we refer it to "
8,77,"6. _Li Wei Kung Wen Tui_, in 3 sections. Written in the form of a dialogue between T’ai Tsung and his great general Li Ching, it is usually ascribed to the latter. Competent authorities consider it a forgery, though the author was evidently well versed in the art of war. 7. _Li Ching Ping Fa_ (not to be confounded with the foregoing) is a short treatise in 8 chapters, preserved in the T’ung Tien, but not published separately. This fact explains its omission from the _Ssu K’u"
8,78,"8. _Wu Ch’i Ching_, in 1 _chuan_. Attributed to the legendary minister Feng Hou, with exegetical notes by Kung-sun Hung of the Han dynasty (_d_. 121 B.C.), and said to have been eulogized by the celebrated general Ma Lung (_d_. 300 A.D.). Yet the earliest mention of it is in the _Sung Chih_. Although a forgery, the work is well put together. Considering the high popular estimation in which Chu-ko Liang has always been held, it is not surprising to find more than one work on war ascribed to his p"
8,79,"_T’ung Tien_ (circa 800 A.D.), ch. 148-162."
8,80,"_Wen Hsien Tung K’ao_ (13th cent.), ch. 221."
9,81,"_Yuan Chien Lei Han_ (1710), ch. 206-229. _Ku Chin T’u Shu Chi Ch’eng_ (1726), section XXX, esp. ch. 81-90. _Hsu Wen Hsien T’ung K’ao_ (1784), ch. 121-134. _Huang Ch’ao Ching Shih Wen Pien_ (1826), ch. 76, 77. The bibliographical sections of certain historical works also deserve"
9,82,To these of course must be added the great Catalogue of the Imperial
9,83,"_Ssu K’u Ch’uan Shu Tsung Mu T’i Yao_ (1790), ch. 99, 100."
9,84,"7. The appellation of Hu Yen, mentioned in ch. 39 under the year 637."
9,85,"9. The mistake is natural enough. Native critics refer to a work of the Han dynasty, which says: ""Ten _li_ outside the _Wu_ gate [of the city of Wu, now Soochow in Kiangsu] there is a great mound, raised to commemorate the entertainment of Sun Wu of Ch’i, who excelled in the"
9,86,"10. ""They attached strings to wood to make bows, and sharpened wood to make arrows. The use of bows and arrows is to keep the Empire in awe."" 11. The son and successor of Ho Lu. He was finally defeated and overthrown by Kou chien, King of Yüeh, in 473 B.C. See post. 12. King Yen of Hsu, a fabulous being, of whom Sun Hsing-yen says in his preface: ""His humanity brought him to destruction."" 13. The passage I have put in brackets is omitted in the _T’u Shu_, and may be an interpolation. It was know"
9,87,"16. On the other hand, it is noteworthy that _Wu Tzŭ_, which is not in 6 chapters, has 48 assigned to it in the _Han Chih_. Likewise, the _Chung Yung_ is credited with 49 chapters, though now only in one only. In the case of very short works, one is tempted to think that _p’ien_"
9,88,"17. Yeh Shih of the Sung dynasty [1151-1223]. 18. He hardly deserves to be bracketed with assassins. 19. See Chapter 7, § 27 and Chapter 11, § 28. 20. See Chapter 11, § 28. Chuan Chu is the abbreviated form of his"
9,89,"22. The nucleus of this work is probably genuine, though large additions have been made by later hands. Kuan chung died in 645 B.C. 23. See infra, beginning of INTRODUCTION. 24. I do not know what this work, unless it be the last chapter of another work. Why that chapter should be singled out, however, is not"
9,90,"26. That is, I suppose, the age of Wu Wang and Chou Kung."
10,91,"28. Ssu-ma Jang-chu, whose family name was T’ien, lived in the latter half of the 6th century B.C., and is also believed to have written a work on war. See _Shih Chi_, ch. 64, and infra at the beginning of the"
10,92,"29. See Legge’s Classics, vol. V, Prolegomena p. 27. Legge thinks that the _Tso Chuan_ must have been written in the 5th century, but not"
10,93,"31. When Wu first appears in the _Ch’un Ch’iu_ in 584, it is already at variance with its powerful neighbour. The _Ch’un Ch’iu_ first mentions"
10,94,"32. This is explicitly stated in the _Tso Chuan_, XXXII, 2. 33. There is this to be said for the later period, that the feud would tend to grow more bitter after each encounter, and thus more fully"
10,95,"34. With Wu Yuan himself the case is just the reverse:—a spurious treatise on war has been fathered on him simply because he was a great general. Here we have an obvious inducement to forgery. Sun Wu, on the other hand, cannot have been widely known to fame in the 5th century. 35. From _Tso Chuan:_ ""From the date of King Chao’s accession [515] there was no year in which Ch’u was not attacked by Wu."" 36. Preface ad fin: ""My family comes from Lo-an, and we are really descended from Sun Tzŭ. I am a"
10,96,"37. Hoa-yin is about 14 miles from T’ung-kuan on the eastern border of Shensi. The temple in question is still visited by those about the ascent of the Western Sacred Mountain. It is mentioned in a text as being ""situated five _li_ east of the district city of Hua-yin. The temple contains the Hua-shan tablet inscribed by the T’ang Emperor"
10,97,"38. See my ""Catalogue of Chinese Books"" (Luzac & Co., 1908), no. 40. 39. This is a discussion of 29 difficult passages in Sun Tzŭ. 40. Cf. Catalogue of the library of Fan family at Ningpo: ""His commentary is frequently obscure; it furnishes a clue, but does not"
10,98,"42. It is interesting to note that M. Pelliot has recently discovered chapters 1, 4 and 5 of this lost work in the ""Grottos of the Thousand Buddhas."" See B.E.F.E.O., t. VIII, nos. 3-4, p. 525. 43. The Hsia, the Shang and the Chou. Although the last-named was nominally existent in Sun Tzŭ’s day, it retained hardly a vestige of power, and the old military organization had practically gone by the board. I can suggest no other explanation of the passage."
10,99,"46. This appears to be still extant. See Wylie’s ""Notes,"" p. 91 (new"
10,100,48. A notable person in his day. His biography is given in the _San Kuo
11,101,"53. The few Europeans who have yet had an opportunity of acquainting themselves with Sun Tzŭ are not behindhand in their praise. In this connection, I may perhaps be excused for quoting from a letter from Lord Roberts, to whom the sheets of the present work were submitted previous to publication: ""Many of Sun Wu’s maxims are perfectly applicable to the present day, and no. 11 [in Chapter VIII] is one that the people of this country would do well to take to heart."""
11,102,56. The allusion may be to Mencius VI. 2. ix. 2.
11,103,"66. The other four being worship, mourning, entertainment of guests, and festive rites. See _Shu Ching_, ii. 1. III. 8, and _Chou Li_, IX."
11,104,"68. This is a rather obscure allusion to the _Tso Chuan_, where Tzŭ-ch’an says: ""If you have a piece of beautiful brocade, you will not"
11,105,"70. Sun Hsing-yen might have quoted Confucius again. See _Lun Yu_,"
11,106,71. Better known as Hsiang Yu [233-202 B.C.].
11,107,"74. See XIII. § 27, note. Further details on T’ai Kung will be found in the _Shih Chi_, ch. 32 ad init. Besides the tradition which makes him a former minister of Chou Hsin, two other accounts of him are there given, according to which he would appear to have been first raised from a humble private station by Wen Wang."
11,108,"[Ts’ao Kung, in defining the meaning of the Chinese for the title of this chapter, says it refers to the deliberations in the temple selected by the general for his temporary use, or as we should say, in"
11,109,"1. Sun Tzŭ said: The art of war is of vital importance to the State. 2. It is a matter of life and death, a road either to safety or to ruin. Hence it is a subject of inquiry which can on no account be"
11,110,"3. The art of war, then, is governed by five constant factors, to be taken into account in one’s deliberations, when seeking to determine"
12,111,4. These are: (1) The Moral Law; (2) Heaven; (3) Earth; (4) The
12,112,"[It appears from what follows that Sun Tzŭ means by ""Moral Law"" a principle of harmony, not unlike the Tao of Lao Tzŭ in its moral aspect. One might be tempted to render it by ""morale,"" were it not considered as an attribute of the _ruler_ in § 13.] 5, 6. _The Moral Law_ causes the people to be in complete accord with their ruler, so that they will follow him regardless of their lives,"
12,113,"[Tu Yu quotes Wang Tzŭ as saying: ""Without constant practice, the officers will be nervous and undecided when mustering for battle; without constant practice, the general will be wavering and irresolute"
12,114,"7. _Heaven_ signifies night and day, cold and heat, times and seasons. [The commentators, I think, make an unnecessary mystery of two words here. Meng Shih refers to ""the hard and the soft, waxing and waning"" of Heaven. Wang Hsi, however, may be right in saying that what is meant is ""the general economy of Heaven,"" including the five elements, the four seasons, wind and clouds, and other phenomena.] 8. _Earth_ comprises distances, great and small; danger and security; open ground and narrow pass"
12,115,"[The five cardinal virtues of the Chinese are (1) humanity or benevolence; (2) uprightness of mind; (3) self-respect, self-control, or ""proper feeling;"" (4) wisdom; (5) sincerity or good faith. Here ""wisdom"" and ""sincerity"" are put before ""humanity or benevolence,"" and the two military virtues of ""courage"" and ""strictness"" substituted for ""uprightness of mind"" and ""self-respect, self-control, or ‘proper"
12,116,"10. By _Method and discipline_ are to be understood the marshalling of the army in its proper subdivisions, the gradations of rank among the officers, the maintenance of roads by which supplies may reach the army, and the control of military expenditure. 11. These five heads should be familiar to every general: he who knows them will be victorious; he who knows them not will fail. 12. Therefore, in your deliberations, when seeking to determine the military conditions, let them be made the basis "
12,117,"13. (1) Which of the two sovereigns is imbued with the Moral law? [I.e., ""is in harmony with his subjects."" Cf. § 5.] (2) Which of the two generals has most ability? (3) With whom lie the advantages derived from Heaven and Earth?"
12,118,"(4) On which side is discipline most rigorously enforced? [Tu Mu alludes to the remarkable story of Ts’ao Ts’ao (A.D. 155-220), who was such a strict disciplinarian that once, in accordance with his own severe regulations against injury to standing crops, he condemned himself to death for having allowed his horse to shy into a field of corn! However, in lieu of losing his head, he was persuaded to satisfy his sense of justice by cutting off his hair. Ts’ao Ts’ao’s own comment on the present pass"
12,119,"[Morally as well as physically. As Mei Yao-ch’en puts it, freely rendered, ""_esprit de corps_ and ‘big battalions.’""] (6) On which side are officers and men more highly trained? [Tu Yu quotes Wang Tzŭ as saying: ""Without constant practice, the officers will be nervous and undecided when mustering for battle; without constant practice, the general will be wavering and irresolute"
12,120,(7) In which army is there the greater constancy both in reward and
13,121,[On which side is there the most absolute certainty that merit will be properly rewarded and misdeeds summarily punished?] 14. By means of these seven considerations I can forecast victory or
13,122,"15. The general that hearkens to my counsel and acts upon it, will conquer:—let such a one be retained in command! The general that hearkens not to my counsel nor acts upon it, will suffer defeat:—let"
13,123,"[The form of this paragraph reminds us that Sun Tzŭ’s treatise was composed expressly for the benefit of his patron Ho Lu, king of the Wu"
13,124,"16. While heeding the profit of my counsel, avail yourself also of any helpful circumstances over and beyond the ordinary rules. 17. According as circumstances are favourable, one should modify one’s"
13,125,"[Sun Tzŭ, as a practical soldier, will have none of the ""bookish theoric."" He cautions us here not to pin our faith to abstract principles; ""for,"" as Chang Yu puts it, ""while the main laws of strategy can be stated clearly enough for the benefit of all and sundry, you must be guided by the actions of the enemy in attempting to secure a favourable position in actual warfare."" On the eve of the battle of Waterloo, Lord Uxbridge, commanding the cavalry, went to the Duke of Wellington in order to le"
13,126,"[The truth of this pithy and profound saying will be admitted by every soldier. Col. Henderson tells us that Wellington, great in so many military qualities, was especially distinguished by ""the extraordinary skill with which he concealed his movements and deceived both friend"
13,127,"19. Hence, when able to attack, we must seem unable; when using our forces, we must seem inactive; when we are near, we must make the enemy believe we are far away; when far away, we must make him believe we are"
13,128,"20. Hold out baits to entice the enemy. Feign disorder, and crush him. [All commentators, except Chang Yu, say, ""When he is in disorder, crush him."" It is more natural to suppose that Sun Tzŭ is still illustrating"
13,129,"21. If he is secure at all points, be prepared for him. If he is in"
13,130,"22. If your opponent is of choleric temper, seek to irritate him. Pretend to be weak, that he may grow arrogant. [Wang Tzŭ, quoted by Tu Yu, says that the good tactician plays with his adversary as a cat plays with a mouse, first feigning weakness and immobility, and then suddenly pouncing upon him.] 23. If he is taking his ease, give him no rest. [This is probably the meaning though Mei Yao-ch’en has the note: ""while we are taking our ease, wait for the enemy to tire himself out."" The _Yu Lan_ "
14,131,"[Less plausible is the interpretation favoured by most of the commentators: ""If sovereign and subject are in accord, put division"
14,132,"24. Attack him where he is unprepared, appear where you are not"
14,133,"25. These military devices, leading to victory, must not be divulged"
14,134,26. Now the general who wins a battle makes many calculations in his
14,135,"[Chang Yu tells us that in ancient times it was customary for a temple to be set apart for the use of a general who was about to take the field, in order that he might there elaborate his plan of campaign.] The general who loses a battle makes but few calculations beforehand. Thus do many calculations lead to victory, and few calculations to defeat: how much more no calculation at all! It is by attention to this point that I can foresee who is likely to win or lose. [1] ""Words on Wellington,"" by"
14,136,"[Ts’ao Kung has the note: ""He who wishes to fight must first count the cost,"" which prepares us for the discovery that the subject of the chapter is not what we might expect from the title, but is primarily a"
14,137,"1. Sun Tzŭ said: In the operations of war, where there are in the field a thousand swift chariots, as many heavy chariots, and a hundred"
14,138,"[The ""swift chariots"" were lightly built and, according to Chang Yu, used for the attack; the ""heavy chariots"" were heavier, and designed for purposes of defence. Li Ch’uan, it is true, says that the latter were light, but this seems hardly probable. It is interesting to note the analogies between early Chinese warfare and that of the Homeric Greeks. In each case, the war-chariot was the important factor, forming as it did the nucleus round which was grouped a certain number of foot-soldiers. Wi"
14,139,"with provisions enough to carry them a thousand _li_, [2.78 modern _li_ go to a mile. The length may have varied slightly"
14,140,"the expenditure at home and at the front, including entertainment of guests, small items such as glue and paint, and sums spent on chariots and armour, will reach the total of a thousand ounces of silver per day. Such is the cost of raising an army of 100,000 men. 2. When you engage in actual fighting, if victory is long in coming, the men’s weapons will grow dull and their ardour will be damped. If you lay siege to a town, you will exhaust your strength. 3. Again, if the campaign is protracted,"
15,141,"4. Now, when your weapons are dulled, your ardour damped, your strength exhausted and your treasure spent, other chieftains will spring up to take advantage of your extremity. Then no man, however wise, will be able to avert the consequences that must ensue. 5. Thus, though we have heard of stupid haste in war, cleverness has never been seen associated with long delays. [This concise and difficult sentence is not well explained by any of the commentators. Ts’ao Kung, Li Ch’uan, Meng Shih, Tu Yu,"
15,142,6. There is no instance of a country having benefited from prolonged
15,143,"7. It is only one who is thoroughly acquainted with the evils of war that can thoroughly understand the profitable way of carrying it on. [That is, with rapidity. Only one who knows the disastrous effects of a long war can realize the supreme importance of rapidity in bringing it to a close. Only two commentators seem to favour this interpretation, but it fits well into the logic of the context, whereas the rendering, ""He who does not know the evils of war cannot appreciate its benefits,"""
15,144,"8. The skilful soldier does not raise a second levy, neither are his"
15,145,"[Once war is declared, he will not waste precious time in waiting for reinforcements, nor will he return his army back for fresh supplies, but crosses the enemy’s frontier without delay. This may seem an audacious policy to recommend, but with all great strategists, from Julius Caesar to Napoleon Bonaparte, the value of time—that is, being a little ahead of your opponent—has counted for more than either numerical superiority or the nicest calculations with regard to"
15,146,"9. Bring war material with you from home, but forage on the enemy. Thus the army will have food enough for its needs. [The Chinese word translated here as ""war material"" literally means ""things to be used"", and is meant in the widest sense. It includes all the impedimenta of an army, apart from provisions.] 10. Poverty of the State exchequer causes an army to be maintained by contributions from a distance. Contributing to maintain an army at a distance causes the people to be impoverished. [The "
15,147,"12. When their substance is drained away, the peasantry will be"
15,148,"13, 14. With this loss of substance and exhaustion of strength, the homes of the people will be stripped bare, and three-tenths of their"
15,149,"[Tu Mu and Wang Hsi agree that the people are not mulcted not of 3/10, but of 7/10, of their income. But this is hardly to be extracted from our text. Ho Shih has a characteristic tag: ""The _people_ being regarded as the essential part of the State, and _food_ as the people’s heaven, is it not right that those in authority should value and be"
15,150,"while Government expenses for broken chariots, worn-out horses, breast-plates and helmets, bows and arrows, spears and shields, protective mantlets, draught-oxen and heavy waggons, will amount to"
16,151,"15. Hence a wise general makes a point of foraging on the enemy. One cartload of the enemy’s provisions is equivalent to twenty of one’s own, and likewise a single _picul_ of his provender is equivalent to"
16,152,[Because twenty cartloads will be consumed in the process of transporting one cartload to the front. A _picul_ is a unit of measure
16,153,"16. Now in order to kill the enemy, our men must be roused to anger; that there may be advantage from defeating the enemy, they must have"
16,154,"[Tu Mu says: ""Rewards are necessary in order to make the soldiers see the advantage of beating the enemy; thus, when you capture spoils from the enemy, they must be used as rewards, so that all your men may have a keen desire to fight, each on his own account.""] 17. Therefore in chariot fighting, when ten or more chariots have been taken, those should be rewarded who took the first. Our own flags should be substituted for those of the enemy, and the chariots mingled and used in conjunction with "
16,155,"18. This is called, using the conquered foe to augment one’s own"
16,156,"19. In war, then, let your great object be victory, not lengthy"
16,157,"[As Ho Shih remarks: ""War is not a thing to be trifled with."" Sun Tzŭ here reiterates the main lesson which this chapter is intended to"
16,158,"20. Thus it may be known that the leader of armies is the arbiter of the people’s fate, the man on whom it depends whether the nation shall"
16,159,"1. Sun Tzŭ said: In the practical art of war, the best thing of all is to take the enemy’s country whole and intact; to shatter and destroy it is not so good. So, too, it is better to capture an army entire than to destroy it, to capture a regiment, a detachment or a company entire"
16,160,"[The equivalent to an army corps, according to Ssu-ma Fa, consisted nominally of 12500 men; according to Ts’ao Kung, the equivalent of a regiment contained 500 men, the equivalent to a detachment consists from any number between 100 and 500, and the equivalent of a company contains from 5 to 100 men. For the last two, however, Chang Yu gives the exact figures of 100 and 5 respectively.] 2. Hence to fight and conquer in all your battles is not supreme excellence; supreme excellence consists in br"
17,161,"[Here again, no modern strategist but will approve the words of the old Chinese general. Moltke’s greatest triumph, the capitulation of the huge French army at Sedan, was won practically without bloodshed.] 3. Thus the highest form of generalship is to baulk the enemy’s plans; [Perhaps the word ""balk"" falls short of expressing the full force of the Chinese word, which implies not an attitude of defence, whereby one might be content to foil the enemy’s stratagems one after another, but an active "
17,162,"and the worst policy of all is to besiege walled cities. 4. The rule is, not to besiege walled cities if it can possibly be"
17,163,"[Another sound piece of military theory. Had the Boers acted upon it in 1899, and refrained from dissipating their strength before Kimberley, Mafeking, or even Ladysmith, it is more than probable that they would have been masters of the situation before the British were ready"
17,164,"The preparation of mantlets, movable shelters, and various implements"
17,165,"[It is not quite clear what the Chinese word, here translated as ""mantlets"", described. Ts’ao Kung simply defines them as ""large shields,"" but we get a better idea of them from Li Ch’uan, who says they were to protect the heads of those who were assaulting the city walls at close quarters. This seems to suggest a sort of Roman _testudo_, ready made. Tu Mu says they were wheeled vehicles used in repelling attacks, but this is denied by Ch’en Hao. See _supra_ II. 14. The name is also applied to tu"
17,166,and the piling up of mounds over against the walls will take three
17,167,"[These were great mounds or ramparts of earth heaped up to the level of the enemy’s walls in order to discover the weak points in the defence, and also to destroy the fortified turrets mentioned in the preceding"
17,168,"5. The general, unable to control his irritation, will launch his men"
17,169,"[This vivid simile of Ts’ao Kung is taken from the spectacle of an army of ants climbing a wall. The meaning is that the general, losing patience at the long delay, may make a premature attempt to storm the place before his engines of war are ready.] with the result that one-third of his men are slain, while the town still remains untaken. Such are the disastrous effects of a siege. [We are reminded of the terrible losses of the Japanese before Port Arthur, in the most recent siege which history"
17,170,"7. With his forces intact he will dispute the mastery of the Empire, and thus, without losing a man, his triumph will be complete. [Owing to the double meanings in the Chinese text, the latter part of the sentence is susceptible of quite a different meaning: ""And thus, the weapon not being blunted by use, its keenness remains perfect.""] This is the method of attacking by stratagem. 8. It is the rule in war, if our forces are ten to the enemy’s one, to surround him; if five to one, to attack him;"
18,171,"9. If equally matched, we can offer battle; [Li Ch’uan, followed by Ho Shih, gives the following paraphrase: ""If attackers and attacked are equally matched in strength, only the able"
18,172,"if slightly inferior in numbers, we can avoid the enemy; [The meaning, ""we can _watch_ the enemy,"" is certainly a great improvement on the above; but unfortunately there appears to be no very good authority for the variant. Chang Yu reminds us that the saying only applies if the other factors are equal; a small difference in numbers is often more than counterbalanced by superior energy and"
18,173,"if quite unequal in every way, we can flee from him. 10. Hence, though an obstinate fight may be made by a small force, in the end it must be captured by the larger force. 11. Now the general is the bulwark of the State: if the bulwark is complete at all points; the State will be strong; if the bulwark is"
18,174,"[As Li Ch’uan tersely puts it: ""Gap indicates deficiency; if the general’s ability is not perfect (i.e. if he is not thoroughly versed in his profession), his army will lack strength.""] 12. There are three ways in which a ruler can bring misfortune upon his"
18,175,"13. (1) By commanding the army to advance or to retreat, being ignorant of the fact that it cannot obey. This is called hobbling the army. [Li Ch’uan adds the comment: ""It is like tying together the legs of a thoroughbred, so that it is unable to gallop."" One would naturally think of ""the ruler"" in this passage as being at home, and trying to direct the movements of his army from a distance. But the commentators understand just the reverse, and quote the saying of T’ai Kung: ""A kingdom should no"
18,176,"14. (2) By attempting to govern an army in the same way as he administers a kingdom, being ignorant of the conditions which obtain in an army. This causes restlessness in the soldier’s minds. [Ts’ao Kung’s note is, freely translated: ""The military sphere and the civil sphere are wholly distinct; you can’t handle an army in kid gloves."" And Chang Yu says: ""Humanity and justice are the principles on which to govern a state, but not an army; opportunism and flexibility, on the other hand, are milit"
18,177,"16. But when the army is restless and distrustful, trouble is sure to come from the other feudal princes. This is simply bringing anarchy into the army, and flinging victory away. 17. Thus we may know that there are five essentials for victory: (1) He will win who knows when to fight and when not to fight. [Chang Yu says: If he can fight, he advances and takes the offensive; if he cannot fight, he retreats and remains on the defensive. He will invariably conquer who knows whether it is right to "
18,178,(2) He will win who knows how to handle both superior and inferior
18,179,"[This is not merely the general’s ability to estimate numbers correctly, as Li Ch’uan and others make out. Chang Yu expounds the saying more satisfactorily: ""By applying the art of war, it is possible with a lesser force to defeat a greater, and _vice versa_. The secret lies in an eye for locality, and in not letting the right moment slip. Thus Wu Tzŭ says: ‘With a superior force, make for easy ground; with an inferior one, make for difficult ground.’""] (3) He will win whose army is animated by "
18,180,"(4) He will win who, prepared himself, waits to take the enemy"
19,181,(5) He will win who has military capacity and is not interfered with by
19,182,"[Tu Yu quotes Wang Tzŭ as saying: ""It is the sovereign’s function to give broad instructions, but to decide on battle it is the function of the general."" It is needless to dilate on the military disasters which have been caused by undue interference with operations in the field on the part of the home government. Napoleon undoubtedly owed much of his extraordinary success to the fact that he was not hampered by central"
19,183,"Victory lies in the knowledge of these five points. [Literally, “These five things are knowledge of the principle of"
19,184,"18. Hence the saying: If you know the enemy and know yourself, you need not fear the result of a hundred battles. If you know yourself but not the enemy, for every victory gained you will also suffer a defeat. [Li Ch’uan cites the case of Fu Chien, prince of Ch’in, who in 383 A.D. marched with a vast army against the Chin Emperor. When warned not to despise an enemy who could command the services of such men as Hsieh An and Huan Ch’ung, he boastfully replied: ""I have the population of eight prov"
19,185,"[Chang Yu said: ""Knowing the enemy enables you to take the offensive, knowing yourself enables you to stand on the defensive."" He adds: ""Attack is the secret of defence; defence is the planning of an attack."" It would be hard to find a better epitome of the"
19,186,"[Ts’ao Kung explains the Chinese meaning of the words for the title of this chapter: ""marching and countermarching on the part of the two armies with a view to discovering each other’s condition."" Tu Mu says: ""It is through the dispositions of an army that its condition may be discovered. Conceal your dispositions, and your condition will remain secret, which leads to victory; show your dispositions, and your condition will become patent, which leads to defeat."" Wang Hsi remarks that the good ge"
19,187,"1. Sun Tzŭ said: The good fighters of old first put themselves beyond the possibility of defeat, and then waited for an opportunity of"
19,188,"2. To secure ourselves against defeat lies in our own hands, but the opportunity of defeating the enemy is provided by the enemy himself. [That is, of course, by a mistake on the enemy’s part.] 3. Thus the good fighter is able to secure himself against defeat, [Chang Yu says this is done, ""By concealing the disposition of his troops, covering up his tracks, and taking unremitting precautions.""] but cannot make certain of defeating the enemy. 4. Hence the saying: One may _know_ how to conquer wit"
19,189,5. Security against defeat implies defensive tactics; ability to defeat
19,190,"[I retain the sense found in a similar passage in §§ 1-3, in spite of the fact that the commentators are all against me. The meaning they give, ""He who cannot conquer takes the defensive,"" is plausible"
20,191,6. Standing on the defensive indicates insufficient strength;
20,192,7. The general who is skilled in defence hides in the most secret
20,193,"[Literally, ""hides under the ninth earth,"" which is a metaphor indicating the utmost secrecy and concealment, so that the enemy may"
20,194,he who is skilled in attack flashes forth from the topmost heights of
20,195,"[Another metaphor, implying that he falls on his adversary like a thunderbolt, against which there is no time to prepare. This is the"
20,196,Thus on the one hand we have ability to protect ourselves; on the
20,197,8. To see victory only when it is within the ken of the common herd is
20,198,"[As Ts’ao Kung remarks, ""the thing is to see the plant before it has germinated,"" to foresee the event before the action has begun. Li Ch’uan alludes to the story of Han Hsin who, when about to attack the vastly superior army of Chao, which was strongly entrenched in the city of Ch’eng-an, said to his officers: ""Gentlemen, we are going to annihilate the enemy, and shall meet again at dinner."" The officers hardly took his words seriously, and gave a very dubious assent. But Han Hsin had already w"
20,199,"[True excellence being, as Tu Mu says: ""To plan secretly, to move surreptitiously, to foil the enemy’s intentions and balk his schemes, so that at last the day may be won without shedding a drop of blood."" Sun Tzŭ reserves his approbation for things that"
20,200,"10. To lift an autumn hair is no sign of great strength; [""Autumn hair"" is explained as the fur of a hare, which is finest in autumn, when it begins to grow afresh. The phrase is a very common one"
